id,target
0,1.0
2,1.0
3,0.9999639391899109
9,0.9995959401130676
11,0.9999778270721436
12,0.0017911195755004883
21,1.1920928955078125e-06
22,0.0007321536540985107
27,1.8477439880371094e-06
29,5.40614128112793e-05
30,2.086162567138672e-07
35,6.330013275146484e-05
42,2.682209014892578e-07
43,0.34806501865386963
45,2.0712614059448242e-05
46,0.9524177312850952
47,0.0001309812068939209
51,0.0008673667907714844
58,0.00013563036918640137
60,0.013505101203918457
69,9.340047836303711e-05
70,0.9871726036071777
72,3.3676624298095703e-06
75,0.9999953508377075
84,0.00042816996574401855
87,2.086162567138672e-07
88,0.0021255016326904297
90,9.146332740783691e-05
94,1.8268823623657227e-05
99,0.9854716062545776
101,7.599592208862305e-06
103,0.0030217766761779785
106,0.99444580078125
108,1.5795230865478516e-06
111,0.9824494123458862
115,0.0001417100429534912
116,0.000943303108215332
122,0.0064945220947265625
123,5.066394805908203e-07
124,0.9999989867210388
125,0.00012195110321044922
127,0.44609981775283813
140,0.9445679187774658
142,9.527802467346191e-05
147,1.3709068298339844e-06
148,2.3245811462402344e-06
150,4.011392593383789e-05
152,0.00034227967262268066
154,0.10046225786209106
155,0.00034227967262268066
166,1.9371509552001953e-06
167,0.0
169,0.9890796542167664
177,0.00034227967262268066
179,7.608532905578613e-05
181,1.0132789611816406e-06
186,0.0
188,4.6372413635253906e-05
189,0.0
192,7.608532905578613e-05
200,0.9999996423721313
202,4.926323890686035e-05
206,0.9999399185180664
207,1.0
214,0.9999998211860657
217,0.999846339225769
223,0.9937824010848999
224,0.9999992847442627
227,0.9999983310699463
228,0.24493685364723206
230,0.9938491582870483
233,0.9911754727363586
234,1.0
236,1.0
239,1.0
250,1.0
255,0.002552032470703125
257,0.0007334053516387939
259,5.662441253662109e-07
275,0.999464213848114
278,0.000609278678894043
282,0.346586138010025
284,3.2782554626464844e-07
286,0.05541115999221802
288,1.0
292,0.9999796152114868
295,0.0
300,0.21042919158935547
304,0.9999986886978149
305,0.9999986886978149
306,0.8016787171363831
308,7.748603820800781e-07
311,0.00041994452476501465
317,0.0009342730045318604
319,0.1271413266658783
323,7.718801498413086e-06
324,8.127093315124512e-05
325,0.015853703022003174
326,0.11382821202278137
333,2.428889274597168e-05
339,2.2232532501220703e-05
342,0.00026297569274902344
343,0.9864299297332764
350,2.9802322387695312e-08
351,0.02031266689300537
357,0.04094362258911133
359,0.10149288177490234
362,3.966689109802246e-05
366,0.2697451710700989
367,0.10149288177490234
369,0.10149288177490234
373,0.12094038724899292
374,0.8365885019302368
376,0.06557583808898926
377,0.10149288177490234
378,0.10149288177490234
379,9.831786155700684e-05
382,0.10149288177490234
385,0.10149288177490234
387,0.9878362417221069
388,0.10149288177490234
391,0.10149288177490234
392,0.10149288177490234
395,0.10149288177490234
399,2.384185791015625e-07
400,0.00013750791549682617
403,9.5367431640625e-06
405,4.678964614868164e-05
408,0.00411030650138855
411,0.02092665433883667
414,1.1920928955078125e-07
416,0.003931522369384766
417,0.3681199550628662
422,0.9953953623771667
425,2.631545066833496e-05
428,1.2814998626708984e-06
430,1.1980533599853516e-05
431,0.027238041162490845
433,0.002699524164199829
434,9.5367431640625e-06
439,0.31008344888687134
441,9.5367431640625e-06
449,9.08970832824707e-06
458,0.002286553382873535
460,2.2649765014648438e-06
464,0.0004521608352661133
473,0.2579575777053833
488,0.00043192505836486816
491,4.470348358154297e-06
494,0.9995964765548706
497,0.0006555616855621338
500,0.176552414894104
505,0.3226640820503235
507,3.5762786865234375e-07
508,0.0007526576519012451
510,0.000347137451171875
511,2.5272369384765625e-05
515,0.9874984622001648
525,0.0
529,0.3226640820503235
532,0.3226640820503235
534,0.3226640820503235
537,0.0586395263671875
539,5.698204040527344e-05
541,0.3226640820503235
545,0.000347137451171875
547,0.9993991255760193
548,0.9999969005584717
549,1.0
553,1.0
554,0.005944758653640747
555,0.2034880816936493
557,0.08939546346664429
562,5.46574592590332e-05
566,0.9835551977157593
572,0.9999992847442627
573,0.9998117685317993
582,0.9995954036712646
586,0.9999988675117493
587,0.19054275751113892
590,0.9999969005584717
591,0.46267980337142944
593,0.3509919047355652
595,0.08939546346664429
596,0.9999998807907104
597,0.004142254590988159
601,0.0019238293170928955
602,3.7342309951782227e-05
605,0.9999973773956299
610,0.9999985694885254
616,1.1920928955078125e-07
618,1.0
620,1.0
626,0.8687570095062256
627,0.0
629,0.0010427236557006836
632,0.9992444515228271
634,0.10838320851325989
639,0.9999834299087524
645,0.9999969005584717
647,0.9999825954437256
648,0.0013244450092315674
650,2.3245811462402344e-06
663,0.9981603622436523
666,0.6980369091033936
668,0.14426124095916748
670,0.027110040187835693
673,0.011154204607009888
676,0.00798824429512024
678,0.0
692,0.028359144926071167
693,0.9612075686454773
694,6.207823753356934e-05
695,0.16120058298110962
696,1.0
698,0.36790338158607483
701,0.0
703,0.9999998807907104
707,0.9999998807907104
708,0.9999998807907104
711,0.9999998807907104
715,0.9999998807907104
718,4.1425228118896484e-06
722,8.675456047058105e-05
723,0.0
733,0.9999998807907104
741,0.9983824491500854
742,0.9999998807907104
743,0.10569155216217041
747,0.0015372633934020996
749,0.4591061472892761
750,0.0001951456069946289
756,0.08127853274345398
757,0.012794941663742065
760,1.430511474609375e-06
764,2.384185791015625e-07
765,0.7748329639434814
766,4.76837158203125e-05
768,8.195638656616211e-06
769,1.9371509552001953e-06
771,2.086162567138672e-07
772,0.0004181861877441406
776,5.364418029785156e-07
778,0.09188574552536011
780,3.6209821701049805e-05
785,0.3615352511405945
789,6.020069122314453e-06
792,0.005916774272918701
793,0.019202709197998047
811,0.9955077171325684
813,0.008239328861236572
816,0.0007433295249938965
821,8.940696716308594e-08
824,0.0
825,3.0100345611572266e-06
827,0.0009728372097015381
830,0.48400065302848816
831,0.4648782014846802
839,0.4648782014846802
844,0.003147691488265991
847,0.48885592818260193
850,0.8572756052017212
854,0.48885592818260193
855,0.99936443567276
858,0.9975534677505493
861,0.48885592818260193
862,1.5795230865478516e-05
865,0.999769389629364
869,0.48885592818260193
879,0.9996243715286255
880,0.9999778270721436
887,0.999698281288147
889,0.9999821186065674
897,0.8889209628105164
900,0.9253818988800049
901,0.08330479264259338
904,0.9988362193107605
908,0.4800627827644348
909,0.577605664730072
910,0.9999821186065674
913,0.9990737438201904
914,0.9998066425323486
917,0.9974385499954224
918,0.9999821186065674
920,0.8997467756271362
922,0.48885592818260193
924,0.48885592818260193
925,0.0013813674449920654
927,0.9997450113296509
933,0.0
937,8.940696716308594e-08
943,1.1026859283447266e-06
949,0.34806501865386963
950,0.99919593334198
954,6.258487701416016e-07
966,0.00010010600090026855
967,7.450580596923828e-06
969,0.21566373109817505
970,1.0
973,0.00237920880317688
975,0.002040475606918335
980,0.34806501865386963
988,0.0
989,3.8743019104003906e-07
995,8.940696716308594e-08
1000,1.4483928680419922e-05
1003,5.543231964111328e-06
1007,2.9802322387695312e-08
1011,0.0008349418640136719
1012,0.25584876537323
1013,0.9895794987678528
1014,0.0
1016,1.0
1019,0.0
1025,0.0002428889274597168
1027,0.0008349418640136719
1028,0.9999997615814209
1030,5.960464477539063e-08
1033,0.9999711513519287
1034,5.1081180572509766e-05
1039,5.066394805908203e-07
1046,1.7404556274414062e-05
1047,0.0002321004867553711
1053,1.2964010238647461e-05
1055,0.002735227346420288
1056,7.739663124084473e-05
1059,0.9971977472305298
1060,0.0
1063,1.4901161193847656e-05
1064,0.0002785325050354004
1068,0.0005826354026794434
1076,0.00012978911399841309
1086,0.0
1087,2.4110078811645508e-05
1089,3.7550926208496094e-06
1092,0.0002791285514831543
1095,0.0007242858409881592
1096,5.930662155151367e-06
1097,1.7285346984863281e-06
1100,2.980232238769531e-07
1101,1.0132789611816406e-06
1107,2.8908252716064453e-06
1108,3.2782554626464844e-07
1111,8.642673492431641e-07
1115,7.981061935424805e-05
1116,0.008434832096099854
1121,3.2782554626464844e-07
1125,2.473592758178711e-06
1127,8.940696716308594e-08
1131,8.210539817810059e-05
1133,0.09258782863616943
1135,3.2186508178710938e-06
1137,0.018979936838150024
1140,1.6689300537109375e-06
1144,2.9802322387695312e-08
1147,0.1217755675315857
1148,6.711483001708984e-05
1150,9.298324584960938e-06
1158,7.081031799316406e-05
1159,6.657838821411133e-05
1161,4.470348358154297e-07
1163,2.5331974029541016e-06
1165,0.0009225904941558838
1169,0.9374178051948547
1171,0.0005241334438323975
1172,0.0007599890232086182
1176,3.743171691894531e-05
1180,0.00014284253120422363
1184,0.34806501865386963
1186,0.00017029047012329102
1187,3.5762786865234375e-07
1192,0.0036694109439849854
1193,0.004246443510055542
1194,0.044613033533096313
1197,0.4771374762058258
1200,5.066394805908203e-07
1205,0.0
1210,0.00048291683197021484
1216,8.642673492431641e-07
1220,7.867813110351562e-06
1231,1.4603137969970703e-06
1233,0.0007562637329101562
1246,6.735324859619141e-06
1247,1.284480094909668e-05
1248,2.086162567138672e-07
1255,0.18138468265533447
1256,1.7255544662475586e-05
1257,0.009441912174224854
1258,0.007923334836959839
1260,0.047634780406951904
1261,1.2785196304321289e-05
1265,0.000639796257019043
1266,0.0
1268,0.0685122013092041
1274,1.1920928955078125e-06
1281,0.01109921932220459
1285,4.553794860839844e-05
1286,0.0002893209457397461
1291,0.08375704288482666
1292,1.4901161193847656e-06
1295,6.258487701416016e-07
1299,0.00018012523651123047
1306,3.698468208312988e-05
1310,0.00012198090553283691
1311,0.0
1313,1.1026859283447266e-06
1314,4.0918588638305664e-05
1322,0.002169966697692871
1323,0.003627955913543701
1325,0.00011721253395080566
1329,3.2782554626464844e-07
1330,9.137392044067383e-05
1333,0.08246651291847229
1336,0.00019401311874389648
1339,0.00012856721878051758
1342,5.304813385009766e-06
1344,0.0003934502601623535
1355,1.0
1357,0.0003751814365386963
1358,0.00010830163955688477
1359,6.556510925292969e-07
1364,0.0
1366,0.0005448758602142334
1367,1.8924474716186523e-05
1370,0.9999999403953552
1373,0.0013957619667053223
1377,5.7578086853027344e-05
1386,0.07446074485778809
1387,7.957220077514648e-06
1392,1.946091651916504e-05
1397,4.76837158203125e-07
1398,8.594989776611328e-05
1400,5.662441253662109e-07
1403,0.00043904781341552734
1404,1.6510486602783203e-05
1410,0.00010919570922851562
1413,8.594989776611328e-05
1416,0.3135613203048706
1417,0.0
1423,3.597140312194824e-05
1424,0.3135613203048706
1426,0.0002795755863189697
1427,0.013309866189956665
1428,0.0
1430,2.2351741790771484e-05
1434,1.7881393432617188e-07
1435,0.0002071857452392578
1437,1.940131187438965e-05
1438,0.00022429227828979492
1442,2.9206275939941406e-06
1446,4.589557647705078e-06
1451,2.980232238769531e-07
1457,0.006780952215194702
1461,0.017137467861175537
1462,0.0003158748149871826
1465,5.182623863220215e-05
1468,3.7550926208496094e-06
1469,8.940696716308594e-08
1471,0.035109132528305054
1476,1.290440559387207e-05
1478,0.0
1481,0.007300317287445068
1489,2.9802322387695312e-08
1490,4.5925378799438477e-05
1492,0.00037744641304016113
1496,0.019056975841522217
1512,0.057431578636169434
1516,1.1920928955078125e-07
1517,6.139278411865234e-06
1528,1.1086463928222656e-05
1529,0.9999305009841919
1536,0.9999961853027344
1539,1.8030405044555664e-05
1541,0.02114129066467285
1542,0.017271816730499268
1548,0.9617263674736023
1550,0.9999960660934448
1551,0.005994945764541626
1552,0.0016501843929290771
1557,0.9999852180480957
1563,0.0020807385444641113
1564,0.022805839776992798
1565,0.10888329148292542
1566,0.9999673962593079
1571,0.9482744932174683
1578,1.7881393432617188e-05
1581,0.00043275952339172363
1583,0.00044727325439453125
1584,1.0460615158081055e-05
1586,0.9999997615814209
1589,0.9998618364334106
1592,0.9435911178588867
1598,0.9999980926513672
1606,0.05825227499008179
1612,3.4183263778686523e-05
1616,0.9999428987503052
1620,9.566545486450195e-06
1624,5.453824996948242e-06
1629,0.9999972581863403
1630,0.8960633277893066
1635,0.9999765753746033
1640,1.0
1641,1.0
1642,1.0
1651,0.9065999984741211
1655,1.0
1656,0.9999998807907104
1659,0.9999958276748657
1664,1.0
1667,1.0
1668,1.0
1674,0.9640913605690002
1678,0.0016287267208099365
1680,1.0
1681,0.9997600317001343
1682,0.9999997615814209
1685,0.48885592818260193
1695,1.0
1696,0.9999843835830688
1697,0.01710757613182068
1704,0.6144964694976807
1708,0.04238373041152954
1711,1.0
1713,0.9999200701713562
1714,0.04210847616195679
1717,1.0
1729,0.0035734474658966064
1730,9.953975677490234e-06
1732,0.6584768891334534
1734,0.9459226131439209
1736,0.0033271610736846924
1738,0.030968189239501953
1742,5.662441253662109e-07
1743,0.08368822932243347
1746,0.00035074353218078613
1748,0.9980168342590332
1749,0.001003175973892212
1751,0.834783136844635
1758,1.4096498489379883e-05
1764,0.9999999403953552
1765,0.0002428591251373291
1777,0.9997364282608032
1778,0.9207119345664978
1781,0.9974380135536194
1782,0.945660412311554
1783,0.9999712705612183
1785,0.005400300025939941
1788,0.9805718660354614
1793,1.0
1794,0.9999821186065674
1795,0.9740438461303711
1797,0.9999227523803711
1800,0.9999845027923584
1801,0.9999990463256836
1805,1.0
1806,0.9805718660354614
1819,0.999298095703125
1820,0.9894503355026245
1825,0.02455654740333557
1828,1.4901161193847656e-07
1829,0.0007647275924682617
1830,0.06782510876655579
1839,0.9973692893981934
1843,8.940696716308594e-07
1844,3.2782554626464844e-06
1846,0.00045222043991088867
1849,5.1468610763549805e-05
1850,0.0
1854,1.3709068298339844e-06
1855,3.5762786865234375e-07
1858,1.1682510375976562e-05
1859,2.086162567138672e-07
1862,0.0
1867,0.00021922588348388672
1868,1.6987323760986328e-06
1871,0.006267458200454712
1872,0.7945073843002319
1874,0.9999899864196777
1876,0.41607752442359924
1879,0.0
1884,0.0010608136653900146
1891,0.0002389848232269287
1894,1.3709068298339844e-05
1896,0.8948100209236145
1902,4.76837158203125e-07
1903,0.0005058944225311279
1904,0.9912397861480713
1906,0.9980655312538147
1907,0.9995638132095337
1912,1.7285346984863281e-06
1913,0.00019282102584838867
1923,0.01744377613067627
1926,0.8869087100028992
1928,0.9998093247413635
1930,0.9913508892059326
1931,5.662441253662109e-07
1934,0.00022071599960327148
1936,0.7874003052711487
1944,0.9616705179214478
1946,0.02199453115463257
1947,0.0002428591251373291
1958,0.9953729510307312
1964,0.0
1970,0.9999898672103882
1974,0.6062749028205872
1977,0.99979567527771
1978,0.984618067741394
1982,0.999988317489624
1984,0.9999997615814209
1988,0.9972743391990662
1993,0.4787907302379608
1997,0.9999972581863403
1998,0.999988317489624
2002,0.055777549743652344
2004,0.9999978542327881
2005,1.0
2008,0.027431786060333252
2011,0.9999986886978149
2013,0.996264636516571
2018,0.9992148280143738
2021,0.9999996423721313
2025,0.9965720176696777
2029,0.6312012076377869
2030,0.9999986886978149
2032,0.06269323825836182
2037,0.8943606615066528
2041,0.007897645235061646
2044,0.9981290102005005
2048,0.9992148280143738
2052,0.9769375324249268
2053,0.09236070513725281
2054,0.9999998807907104
2062,0.14726325869560242
2065,0.6461395621299744
2066,0.0011349022388458252
2072,0.9986801147460938
2079,0.9756916761398315
2080,0.03419587016105652
2085,0.00029605627059936523
2088,0.9940569400787354
2090,0.0
2092,0.6221297979354858
2093,6.16908073425293e-06
2101,0.08870428800582886
2104,9.208917617797852e-06
2105,2.384185791015625e-07
2106,0.03780415654182434
2107,0.33881646394729614
2120,0.9981802701950073
2124,0.8367468118667603
2127,1.8477439880371094e-06
2130,0.9984025955200195
2132,5.960464477539063e-08
2135,0.0012886226177215576
2137,0.9999619722366333
2140,0.0009656250476837158
2143,0.02116444706916809
2147,0.00013214349746704102
2151,0.889318585395813
2152,0.010240823030471802
2155,0.00855371356010437
2156,2.9802322387695312e-06
2162,0.0975906252861023
2165,0.9996837377548218
2166,0.026696354150772095
2167,0.976819634437561
2168,0.0018482506275177002
2170,0.0002872049808502197
2178,1.0
2180,0.9926108121871948
2182,0.4682668149471283
2184,0.0011182129383087158
2185,0.08671531081199646
2187,0.21417489647865295
2196,0.9832806587219238
2197,1.0
2199,1.3113021850585938e-06
2200,1.0788440704345703e-05
2201,0.00875777006149292
2202,0.9997597932815552
2206,0.4682668149471283
2208,0.1420934796333313
2218,0.0
2223,0.08782225847244263
2224,1.0
2226,0.18760374188423157
2228,0.11281618475914001
2232,0.11281618475914001
2234,0.9751936197280884
2243,0.999998152256012
2247,0.03352487087249756
2249,0.11281618475914001
2252,0.9996880888938904
2253,1.0
2259,0.005065977573394775
2261,0.00033092498779296875
2264,4.1365623474121094e-05
2268,3.889203071594238e-05
2269,3.889203071594238e-05
2270,0.0013992786407470703
2276,0.9999998807907104
2283,0.002756744623184204
2287,0.9993356466293335
2290,3.409385681152344e-05
2291,0.013650625944137573
2293,0.02375277876853943
2295,2.2351741790771484e-06
2302,0.9999208450317383
2305,5.960464477539063e-08
2310,0.9994593262672424
2313,0.998725175857544
2316,0.998725175857544
2320,3.2782554626464844e-07
2322,5.960464477539063e-08
2323,0.999955952167511
2326,0.7734350562095642
2328,0.9961976408958435
2331,2.980232238769531e-07
2335,0.9999998807907104
2338,0.001622021198272705
2343,0.01302841305732727
2344,0.012694448232650757
2345,0.10747310519218445
2353,0.9990993738174438
2355,0.000489652156829834
2357,0.9382960796356201
2360,0.9999994039535522
2365,0.00020617246627807617
2369,0.0002727210521697998
2371,0.9630069136619568
2378,4.509091377258301e-05
2380,0.999995768070221
2381,1.1324882507324219e-05
2383,0.9999999403953552
2384,0.40083205699920654
2392,0.9913217425346375
2393,0.012211233377456665
2401,0.06344395875930786
2403,1.1235475540161133e-05
2404,0.0
2405,0.0
2407,8.165836334228516e-06
2411,1.1026859283447266e-06
2424,1.9788742065429688e-05
2426,6.3478946685791016e-06
2431,4.470348358154297e-07
2433,0.615962028503418
2434,1.7374753952026367e-05
2436,0.34806501865386963
2439,0.04013517498970032
2444,3.933906555175781e-06
2447,5.960464477539062e-07
2448,3.129243850708008e-05
2449,0.0
2450,0.000944972038269043
2461,0.9082855582237244
2469,2.086162567138672e-07
2472,0.0
2473,8.940696716308594e-08
2474,2.7954578399658203e-05
2477,5.2869319915771484e-05
2481,0.12701058387756348
2484,2.2649765014648438e-06
2495,8.940696716308594e-08
2503,0.0
2509,0.024595439434051514
2511,1.0
2518,1.0
2522,0.9999998807907104
2525,1.0
2526,0.7504908442497253
2529,0.17795157432556152
2533,0.007465720176696777
2549,6.607174873352051e-05
2551,4.738569259643555e-06
2558,0.2130812406539917
2562,0.9999920129776001
2563,0.08223199844360352
2567,4.8279762268066406e-05
2574,1.0
2577,0.9978795051574707
2578,0.005918771028518677
2580,0.21409186720848083
2581,0.8717395067214966
2583,0.8811006546020508
2584,0.0008756816387176514
2586,0.9969655871391296
2589,0.9998764991760254
2595,0.03575226664543152
2596,0.013430416584014893
2600,1.0
2601,0.003167569637298584
2607,3.927946090698242e-05
2610,5.8710575103759766e-06
2613,0.0
2615,0.0
2618,4.374980926513672e-05
2620,0.0008995234966278076
2623,0.9999990463256836
2626,0.0
2630,2.384185791015625e-07
2634,0.9999992847442627
2636,0.9999935626983643
2638,5.662441253662109e-07
2639,0.9999977946281433
2646,0.0
2650,0.9999958276748657
2652,0.07619556784629822
2653,5.960464477539063e-08
2654,9.834766387939453e-07
2662,9.310245513916016e-05
2665,2.4437904357910156e-06
2669,1.9669532775878906e-06
2674,0.0
2678,0.00012364983558654785
2681,0.0
2685,2.7358531951904297e-05
2686,1.1920928955078125e-07
2690,2.980232238769531e-07
2697,0.00011068582534790039
2699,0.0003033280372619629
2704,1.8268823623657227e-05
2705,0.0010620057582855225
2710,2.682209014892578e-06
2712,2.9802322387695312e-08
2713,0.0
2716,0.0
2717,1.5795230865478516e-06
2718,7.748603820800781e-06
2721,4.172325134277344e-07
2722,0.025227010250091553
2735,0.0
2737,0.0
2738,0.0
2742,1.5497207641601562e-06
2745,0.001256495714187622
2746,0.0
2747,2.4139881134033203e-06
2750,8.940696716308594e-08
2751,8.046627044677734e-07
2754,9.238719940185547e-07
2762,0.9998039603233337
2764,1.1920928955078125e-07
2772,1.2218952178955078e-06
2775,4.217028617858887e-05
2776,0.0
2779,8.940696716308594e-08
2781,0.0
2789,5.78761100769043e-05
2790,0.00014355778694152832
2791,2.9802322387695312e-08
2798,5.960464477539063e-08
2800,0.00014355778694152832
2804,0.9999423027038574
2805,0.7684423923492432
2806,1.0
2809,0.5798666477203369
2810,0.9784582853317261
2812,0.9901635646820068
2814,1.0
2816,0.9970850348472595
2818,0.9901635646820068
2823,0.006730765104293823
2824,1.0
2834,1.0
2837,1.4603137969970703e-05
2840,0.8857030868530273
2845,1.0
2847,0.9999967217445374
2848,0.09205293655395508
2850,0.48956507444381714
2859,0.999954342842102
2862,0.5360205173492432
2868,0.9097272157669067
2874,0.3902091383934021
2876,0.21456852555274963
2892,0.4226290285587311
2894,0.9170886278152466
2897,0.008192300796508789
2901,0.9999986886978149
2903,0.48563963174819946
2904,3.5762786865234375e-06
2906,3.2186508178710938e-06
2914,0.0
2918,0.00012668967247009277
2919,5.778670310974121e-05
2923,2.5153160095214844e-05
2926,9.417533874511719e-06
2928,0.0006080865859985352
2930,1.430511474609375e-06
2938,0.943453311920166
2940,0.9458285570144653
2949,0.0015263259410858154
2951,3.8504600524902344e-05
2958,1.4901161193847656e-07
2961,0.0004241466522216797
2962,0.0037171542644500732
2964,2.2113323211669922e-05
2966,9.885430335998535e-05
2967,2.4437904357910156e-06
2968,0.005126297473907471
2972,5.677342414855957e-05
2977,0.0
2978,0.9851546287536621
2979,0.0
2981,0.0003069639205932617
2985,0.02670687437057495
2986,2.682209014892578e-07
2989,0.9997625350952148
2994,2.086162567138672e-07
2996,0.9999996423721313
2997,0.1150931715965271
2999,6.139278411865234e-06
3002,2.2530555725097656e-05
3007,0.9811413288116455
3008,1.5795230865478516e-06
3017,0.0038435161113739014
3020,0.014615386724472046
3024,0.36041685938835144
3028,0.7300456762313843
3031,0.999864935874939
3032,1.0
3033,0.5037850737571716
3035,0.11116504669189453
3040,0.04107171297073364
3041,0.9999632835388184
3046,0.0001766979694366455
3050,0.001015007495880127
3063,0.001791924238204956
3065,0.9298165440559387
3067,0.0013714432716369629
3069,0.00022217631340026855
3076,0.026512950658798218
3078,0.00017696619033813477
3081,0.9998757839202881
3087,0.9682292938232422
3088,0.8658393621444702
3094,2.682209014892578e-06
3096,0.9122406244277954
3098,0.0001119375228881836
3103,0.1284801959991455
3110,0.9999998807907104
3113,0.9999920725822449
3121,1.0
3127,0.9999973773956299
3128,0.41535085439682007
3129,1.0
3135,0.9999994039535522
3143,0.9999997615814209
3146,0.9999998211860657
3148,0.9999937415122986
3149,0.9995500445365906
3151,0.9999998807907104
3156,5.036592483520508e-06
3160,0.0009147226810455322
3164,6.16908073425293e-06
3169,0.10119259357452393
3178,0.0007587969303131104
3187,0.1566813588142395
3194,0.0735635757446289
3202,0.9981524348258972
3203,6.854534149169922e-07
3204,0.4637342393398285
3206,0.9999465942382812
3207,4.76837158203125e-07
3208,9.238719940185547e-07
3209,0.792123556137085
3213,4.172325134277344e-06
3214,0.18298405408859253
3215,2.384185791015625e-07
3220,7.152557373046875e-07
3223,6.854534149169922e-07
3224,4.649162292480469e-06
3226,1.0728836059570312e-06
3228,0.0
3230,1.1920928955078125e-07
3232,1.4096498489379883e-05
3233,4.410743713378906e-06
3234,3.814697265625e-06
3238,1.4603137969970703e-06
3246,3.8743019104003906e-07
3247,0.9999968409538269
3250,0.44568389654159546
3251,0.5118783116340637
3254,1.7642974853515625e-05
3257,0.7069400548934937
3258,1.6689300537109375e-06
3261,0.36083799600601196
3267,0.06829521059989929
3268,0.1631048321723938
3269,6.091594696044922e-05
3271,0.0016585290431976318
3272,0.0003390014171600342
3273,4.470348358154297e-07
3279,0.0
3290,0.0005189776420593262
3291,0.35409900546073914
3293,0.0017039179801940918
3294,0.3669965863227844
3298,0.0008328258991241455
3305,0.999995231628418
3306,0.02042904496192932
3307,0.0
3310,0.00043076276779174805
3313,1.4275312423706055e-05
3314,0.00043076276779174805
3315,1.4603137969970703e-06
3316,1.7881393432617188e-07
3321,0.9999488592147827
3325,8.07046890258789e-05
3326,5.036592483520508e-06
3327,3.421306610107422e-05
3330,0.9999992847442627
3331,0.12286457419395447
3332,0.00041940808296203613
3333,0.0012345612049102783
3343,2.0444393157958984e-05
3344,4.470348358154297e-07
3348,1.1920928955078125e-07
3349,0.00043076276779174805
3350,1.4901161193847656e-07
3352,0.0
3353,9.709596633911133e-05
3354,0.0020659267902374268
3358,0.913184404373169
3360,0.995434582233429
3366,0.0005881786346435547
3371,0.0036978423595428467
3374,0.0001359879970550537
3375,0.02944248914718628
3378,0.4206748306751251
3382,0.045476675033569336
3384,2.6941299438476562e-05
3385,0.003386944532394409
3386,0.0011845529079437256
3392,0.40318650007247925
3399,0.8247478008270264
3407,0.0
3409,0.0
3416,1.0
3420,1.4990568161010742e-05
3422,1.0
3424,0.0
3426,0.9999996423721313
3427,0.023513048887252808
3434,1.1920928955078125e-07
3438,0.0
3441,0.0001735389232635498
3442,0.9976407289505005
3443,0.7816451787948608
3444,0.253196656703949
3449,0.023513048887252808
3453,1.0
3454,5.245208740234375e-05
3456,0.9999997615814209
3457,0.9981549978256226
3458,1.0
3461,1.0
3467,0.013668268918991089
3479,0.041874855756759644
3488,1.0
3491,0.8961368799209595
3496,0.9999939799308777
3502,0.1368870735168457
3507,0.9999998807907104
3511,0.9997814893722534
3515,1.0
3516,1.0
3538,0.9997484683990479
3539,0.999983549118042
3541,0.9999997615814209
3545,1.0
3546,1.0
3547,0.999997615814209
3551,1.0
3553,3.5762786865234375e-07
3556,0.5485702753067017
3558,1.4901161193847656e-07
3559,0.03096786141395569
3561,0.0
3562,0.005511075258255005
3563,7.659196853637695e-05
3564,0.0013734400272369385
3571,0.00010463595390319824
3574,5.036592483520508e-06
3576,0.009339094161987305
3577,0.000548243522644043
3579,0.9999997615814209
3580,0.9984265565872192
3586,0.0003140270709991455
3590,0.00017949938774108887
3599,0.00021901726722717285
3600,4.842877388000488e-05
3601,0.0006723403930664062
3605,0.006797611713409424
3606,2.1725893020629883e-05
3612,0.00020241737365722656
3614,2.1457672119140625e-05
3615,0.0006360113620758057
3616,1.7583370208740234e-06
3620,0.9447125792503357
3622,1.0877847671508789e-05
3624,0.00039330124855041504
3630,0.02401864528656006
3644,4.76837158203125e-06
3649,0.00042557716369628906
3651,2.446770668029785e-05
3654,0.0
3665,8.225440979003906e-06
3668,0.0005153119564056396
3671,1.1920928955078125e-07
3672,0.0009225606918334961
3673,1.4901161193847656e-07
3677,6.0051679611206055e-05
3678,0.00016602873802185059
3687,5.0961971282958984e-06
3688,9.480118751525879e-05
3693,0.0003852248191833496
3698,1.6182661056518555e-05
3699,0.07299363613128662
3701,0.999990701675415
3703,0.002288132905960083
3706,0.0
3707,0.005439549684524536
3709,0.9999991655349731
3711,0.009253144264221191
3714,0.049555033445358276
3716,0.002118527889251709
3720,0.99996417760849
3728,1.0
3731,0.07975274324417114
3732,0.008984476327896118
3733,0.9999995231628418
3734,3.4868717193603516e-05
3740,0.11145582795143127
3746,5.960464477539063e-08
3749,0.9983887672424316
3751,0.003922462463378906
3755,1.7881393432617188e-07
3757,2.3365020751953125e-05
3762,0.9815816879272461
3767,1.7583370208740234e-06
3769,0.36431172490119934
3779,5.364418029785156e-07
3781,1.7583370208740234e-06
3782,0.00013595819473266602
3783,0.9984008073806763
3784,0.9999995231628418
3790,0.1995808184146881
3791,0.9815816879272461
3792,0.996454656124115
3794,1.233816146850586e-05
3799,1.1920928955078125e-07
3801,0.0018085837364196777
3804,0.007555127143859863
3808,0.18571558594703674
3809,0.22047805786132812
3811,2.682209014892578e-07
3813,4.678964614868164e-06
3817,0.48885592818260193
3818,0.0007794797420501709
3823,0.4243171811103821
3843,0.1531030535697937
3844,0.0018085837364196777
3846,0.47636526823043823
3847,0.9954742789268494
3852,0.4267370104789734
3854,0.48885592818260193
3856,2.9802322387695312e-06
3863,0.4318557381629944
3865,0.9406523108482361
3867,0.41154447197914124
3871,0.48885592818260193
3872,0.48885592818260193
3878,0.48885592818260193
3880,0.45250412821769714
3881,0.369293212890625
3882,0.9997000098228455
3883,0.11463144421577454
3884,0.9990596771240234
3885,0.48885592818260193
3886,0.13133648037910461
3890,0.9699379205703735
3891,0.9824035167694092
3898,0.9999957084655762
3902,4.741549491882324e-05
3909,3.316998481750488e-05
3910,0.0008156895637512207
3912,5.960464477539063e-08
3915,0.9999992847442627
3918,2.7418136596679688e-06
3920,0.9999992847442627
3925,0.46004149317741394
3928,2.086162567138672e-07
3929,0.0012120306491851807
3930,0.9999992847442627
3931,0.00021716952323913574
3934,0.0026998519897460938
3939,0.00012445449829101562
3941,3.069639205932617e-06
3942,0.4436737895011902
3943,5.7637691497802734e-05
3946,5.662441253662109e-07
3963,0.9915910959243774
3965,0.9997546672821045
3966,0.9661014676094055
3971,0.47711998224258423
3972,0.999998927116394
3974,0.9675692319869995
3976,0.9999977946281433
3978,0.8802973628044128
3981,0.9998958110809326
3985,0.0005074143409729004
3986,0.2601408362388611
3987,1.0
3988,1.0
3991,0.9999967217445374
3999,0.9998561143875122
4001,3.844499588012695e-06
4002,0.7262052297592163
4004,0.9999751448631287
4007,0.9967882633209229
4009,0.9995335340499878
4013,1.8477439880371094e-06
4015,7.101893424987793e-05
4016,0.003142744302749634
4023,0.4908748269081116
4031,0.7794917225837708
4035,0.9942525625228882
4036,1.8477439880371094e-06
4037,0.993012547492981
4040,0.9999998807907104
4048,0.9999957084655762
4053,0.9999892711639404
4056,0.9999892711639404
4059,0.9932426810264587
4066,1.0
4067,0.48885592818260193
4069,0.5143498182296753
4070,0.025346696376800537
4071,0.9985660314559937
4073,0.9999986886978149
4074,0.18788352608680725
4075,0.9999995827674866
4082,0.9999892711639404
4090,1.1920928955078125e-07
4099,0.999996542930603
4102,0.9996778964996338
4106,0.07103142142295837
4109,0.9997752904891968
4110,0.9973219037055969
4115,0.998507559299469
4118,0.999996542930603
4120,1.0
4125,0.998507559299469
4126,0.9732925295829773
4130,0.9999998807907104
4134,0.999996542930603
4136,0.999961256980896
4137,1.0
4144,4.380941390991211e-05
4148,1.6689300537109375e-06
4151,7.987022399902344e-06
4155,0.0
4162,1.0132789611816406e-06
4165,0.006202101707458496
4169,2.086162567138672e-07
4174,6.854534149169922e-07
4179,2.0265579223632812e-06
4185,0.0
4186,0.004813015460968018
4187,0.00027441978454589844
4188,6.556510925292969e-07
4190,2.682209014892578e-07
4192,7.718801498413086e-06
4193,4.121661186218262e-05
4194,1.4901161193847656e-07
4195,2.384185791015625e-06
4196,2.9802322387695312e-06
4207,1.0
4208,0.9999829530715942
4215,1.0
4217,0.9999983310699463
4222,0.0026679933071136475
4223,1.0
4226,0.011055320501327515
4228,0.3206242620944977
4229,0.0022261738777160645
4231,1.0
4234,0.004363417625427246
4236,0.02595365047454834
4249,2.962350845336914e-05
4254,0.04374226927757263
4258,0.0003172159194946289
4259,0.00037851929664611816
4263,6.4373016357421875e-06
4267,0.0
4277,7.12275505065918e-06
4278,2.1636486053466797e-05
4280,2.1636486053466797e-05
4283,4.9948692321777344e-05
4285,0.04674047231674194
4286,0.04674047231674194
4287,2.1636486053466797e-05
4290,0.10563844442367554
4291,0.0012605786323547363
4294,0.05753791332244873
4302,0.3488506078720093
4308,0.9999990463256836
4310,0.00022155046463012695
4311,0.9963661432266235
4315,0.9999961853027344
4316,6.258487701416016e-07
4319,0.11054661870002747
4331,0.9887278079986572
4338,1.0
4339,0.9977438449859619
4340,0.9999934434890747
4344,0.9854412078857422
4346,0.9875999689102173
4347,0.9999992847442627
4360,0.9999995231628418
4364,1.0
4367,0.9753259420394897
4369,0.9975701570510864
4370,0.9999908804893494
4371,0.000492483377456665
4380,1.0
4386,0.6004448533058167
4389,0.9997984170913696
4390,1.0
4394,0.2323441505432129
4399,3.337860107421875e-06
4400,2.047419548034668e-05
4404,0.0
4409,0.0
4414,0.0001119375228881836
4417,8.463859558105469e-06
4418,0.0
4419,1.4901161193847656e-07
4420,0.0004947781562805176
4422,2.682209014892578e-07
4429,0.006295263767242432
4431,0.00038743019104003906
4433,1.430511474609375e-06
4434,0.0032277703285217285
4439,0.0
4443,8.940696716308594e-08
4446,0.0021099448204040527
4447,0.0001119375228881836
4453,2.0772218704223633e-05
4460,0.0004984736442565918
4461,0.9999997615814209
4462,9.259581565856934e-05
4467,5.066394805908203e-07
4469,0.9999858140945435
4473,1.1920928955078125e-07
4474,0.0002873837947845459
4475,7.957220077514648e-06
4477,4.291534423828125e-06
4481,1.1026859283447266e-06
4483,2.9802322387695312e-08
4484,1.749396324157715e-05
4485,0.08117875456809998
4495,1.1980533599853516e-05
4497,0.0014004111289978027
4500,0.0009650588035583496
4501,0.0001366138458251953
4502,0.0055589377880096436
4505,7.152557373046875e-07
4506,0.13697382807731628
4510,0.0055589377880096436
4512,0.9999539852142334
4513,0.9995092749595642
4532,0.005452662706375122
4535,6.258487701416016e-07
4536,1.0401010513305664e-05
4540,0.011406540870666504
4545,0.9999995827674866
4552,0.9999531507492065
4554,0.9999998807907104
4555,0.0029889941215515137
4558,0.9999997019767761
4559,0.022922545671463013
4560,0.00018730759620666504
4566,0.04749128222465515
4570,0.5843846201896667
4572,4.652142524719238e-05
4574,0.007416039705276489
4581,0.9999998807907104
4583,0.9999998807907104
4586,1.0
4591,1.0
4594,0.0015055835247039795
4603,0.00022712349891662598
4605,5.960464477539063e-08
4612,0.4724954664707184
4613,0.000308990478515625
4615,0.7060713768005371
4618,0.0011661648750305176
4621,0.00012224912643432617
4623,0.11034828424453735
4626,9.328126907348633e-06
4629,0.09341081976890564
4633,5.844235420227051e-05
4636,0.0
4638,0.0033954083919525146
4640,0.011812865734100342
4643,2.2649765014648438e-06
4645,2.086162567138672e-07
4647,0.01840725541114807
4648,5.245208740234375e-06
4651,0.0019083619117736816
4652,7.539987564086914e-06
4653,0.48885592818260193
4654,0.9999979734420776
4660,0.00011038780212402344
4662,0.00011038780212402344
4663,4.470348358154297e-07
4665,0.999994158744812
4668,6.979703903198242e-05
4676,0.006932437419891357
4683,0.9999986886978149
4685,0.9997879266738892
4686,0.0019083619117736816
4701,0.8849145770072937
4718,0.05117988586425781
4721,3.1888484954833984e-06
4727,0.7288086414337158
4728,0.9995124340057373
4733,0.9999300241470337
4741,0.6749835014343262
4743,0.9999995827674866
4746,0.34806501865386963
4751,0.4628378450870514
4756,0.9999017715454102
4761,0.49587830901145935
4763,0.17383155226707458
4764,0.9999990463256836
4767,1.0
4772,0.9999017715454102
4776,1.0
4780,0.9999969005584717
4781,1.0
4792,1.0
4796,0.999948263168335
4801,1.0
4804,0.001149982213973999
4805,0.9999998807907104
4806,1.0
4811,0.00016096234321594238
4815,0.000418245792388916
4816,0.00431746244430542
4817,0.9999986886978149
4818,0.024536818265914917
4822,0.004899889230728149
4824,1.0
4827,0.9998717308044434
4837,0.1008770763874054
4838,0.999916672706604
4839,1.0
4841,0.9997708201408386
4851,0.9999624490737915
4855,0.999999463558197
4861,5.960464477539063e-08
4862,1.195073127746582e-05
4863,1.4901161193847656e-07
4865,6.556510925292969e-07
4871,2.980232238769531e-07
4873,3.5762786865234375e-07
4880,0.7844058275222778
4885,2.086162567138672e-06
4886,1.7881393432617188e-07
4902,5.5730342864990234e-06
4904,2.980232238769531e-07
4907,2.720952033996582e-05
4916,0.012270331382751465
4921,0.9999964237213135
4925,0.000151902437210083
4927,1.8030405044555664e-05
4928,0.07337921857833862
4930,5.27501106262207e-06
4932,0.06181192398071289
4933,6.16908073425293e-06
4937,0.9999989867210388
4939,0.9999999403953552
4941,0.00016304850578308105
4942,2.9802322387695312e-06
4947,0.1684001386165619
4949,5.27501106262207e-06
4950,0.0014957189559936523
4956,0.010248064994812012
4960,7.212162017822266e-06
4963,2.7805566787719727e-05
4965,0.9999989867210388
4976,4.887580871582031e-05
4977,4.887580871582031e-05
4987,0.04827165603637695
4991,0.999998927116394
4994,0.0
4999,0.0001710951328277588
5003,0.999181866645813
5006,5.751848220825195e-05
5009,9.998679161071777e-05
5011,0.962732195854187
5012,0.9998819828033447
5014,8.890032768249512e-05
5020,0.10661429166793823
5021,0.007365822792053223
5023,0.9976005554199219
5026,1.9371509552001953e-06
5030,0.005825668573379517
5031,0.993153989315033
5036,0.9998844861984253
5042,1.2218952178955078e-06
5045,0.9999998211860657
5048,0.9999998211860657
5051,0.01692304015159607
5053,0.01475834846496582
5054,0.27592968940734863
5057,1.7881393432617188e-07
5058,0.00016671419143676758
5066,0.9999926686286926
5070,0.9995452165603638
5077,0.9979419708251953
5081,0.998706042766571
5084,0.04847356677055359
5086,0.4926881790161133
5090,0.9999676942825317
5091,0.6668938994407654
5093,0.019392043352127075
5100,0.9999990463256836
5108,0.9999939799308777
5111,0.9999898076057434
5112,1.0
5118,0.8675398826599121
5121,0.9999991655349731
5123,0.9999991655349731
5129,0.999240517616272
5133,7.62939453125e-06
5143,1.7881393432617188e-07
5147,0.9999913573265076
5151,0.999882161617279
5156,1.0
5158,0.9999991655349731
5161,0.0005439221858978271
5163,8.103251457214355e-05
5167,1.0
5173,0.9999998807907104
5205,0.2185518741607666
5214,0.0015563368797302246
5215,0.1772107183933258
5216,1.5139579772949219e-05
5217,0.9148331880569458
5225,0.1772107183933258
5237,0.06807747483253479
5239,0.0006365776062011719
5240,0.8954216241836548
5241,0.1772107183933258
5246,0.0004923641681671143
5250,0.18032976984977722
5253,0.1772107183933258
5258,0.009198129177093506
5261,3.9517879486083984e-05
5268,7.346272468566895e-05
5275,0.0
5277,2.5033950805664062e-06
5279,0.003229975700378418
5288,5.960464477539063e-08
5289,7.50124454498291e-05
5294,0.5298299789428711
5303,3.904104232788086e-06
5307,2.154707908630371e-05
5311,0.0002187788486480713
5312,0.0001195371150970459
5314,0.7901060581207275
5318,0.012611031532287598
5327,0.3458355665206909
5329,0.9999407529830933
5333,0.006257236003875732
5334,0.7769224643707275
5340,6.270408630371094e-05
5348,0.9831727743148804
5358,6.407499313354492e-06
5360,0.00040978193283081055
5361,0.20358619093894958
5363,0.9999983906745911
5364,4.139542579650879e-05
5369,0.9994882345199585
5370,4.887580871582031e-06
5374,0.9999983906745911
5376,0.9999958276748657
5388,7.098913192749023e-05
5390,7.539987564086914e-05
5393,0.9998041987419128
5394,0.5529730916023254
5395,0.9842609167098999
5398,0.9994213581085205
5399,0.9999993443489075
5401,0.3928678333759308
5402,0.9998902082443237
5405,0.867570698261261
5414,0.6312175989151001
5415,0.9762516021728516
5419,0.9655666351318359
5421,0.738940417766571
5422,0.0025683939456939697
5424,0.9936078786849976
5427,0.9965512156486511
5429,0.7501790523529053
5431,0.9637013673782349
5433,0.9955082535743713
5434,0.9999500513076782
5435,0.9959747791290283
5436,0.00028589367866516113
5438,0.9950135946273804
5440,0.8654463291168213
5441,0.9697662591934204
5447,0.9671259522438049
5451,0.9973418712615967
5453,0.735401451587677
5456,0.8057780265808105
5457,0.9371585249900818
5463,0.023109734058380127
5464,0.00010272860527038574
5470,0.6896161437034607
5472,1.4901161193847656e-07
5474,6.258487701416016e-06
5478,0.0
5483,3.7729740142822266e-05
5490,0.00047531723976135254
5500,3.6656856536865234e-06
5504,1.4901161193847656e-07
5508,7.852911949157715e-05
5511,2.384185791015625e-07
5512,0.0
5513,3.7282705307006836e-05
5516,4.231929779052734e-06
5523,0.2942633628845215
5527,3.129243850708008e-06
5530,1.8388032913208008e-05
5533,0.005233854055404663
5536,8.851289749145508e-06
5537,8.940696716308594e-08
5542,0.0008447170257568359
5543,1.6868114471435547e-05
5546,2.086162567138672e-06
5549,0.0051705241203308105
5550,5.841255187988281e-06
5551,1.1920928955078125e-07
5562,4.693865776062012e-05
5566,3.358721733093262e-05
5568,0.8934112787246704
5571,0.9999932050704956
5572,0.999923050403595
5574,0.0009225308895111084
5583,6.058812141418457e-05
5585,0.0009225308895111084
5591,0.995171308517456
5596,0.0009225308895111084
5597,6.058812141418457e-05
5601,1.0
5606,0.9364345073699951
5607,6.058812141418457e-05
5610,4.693865776062012e-05
5615,0.0369565486907959
5616,0.9965569972991943
5623,0.0022574663162231445
5630,0.9777259826660156
5636,0.9999955296516418
5637,0.9970253705978394
5639,0.9006956815719604
5640,0.9999650716781616
5643,0.9721026420593262
5648,0.9990663528442383
5649,0.9999035596847534
5660,0.5615860223770142
5666,0.43337076902389526
5667,1.0
5678,4.798173904418945e-06
5679,1.0
5681,0.9979826211929321
5682,0.9649947881698608
5691,0.7247991561889648
5696,1.0
5697,1.0
5700,0.9987582564353943
5701,0.06217542290687561
5702,1.0
5708,0.9994354248046875
5709,0.9999984502792358
5718,0.9999202489852905
5723,0.9998164176940918
5725,0.9998893141746521
5728,1.0
5731,0.9998773336410522
5735,0.999814510345459
5737,0.9993059635162354
5738,0.9998248815536499
5742,0.992989718914032
5747,0.9995472431182861
5749,0.9999656677246094
5750,1.0
5755,0.9999691247940063
5756,1.0
5761,1.0
5762,0.9999990463256836
5767,0.9999992251396179
5768,0.9462897777557373
5770,0.999991774559021
5773,0.9999998211860657
5774,7.522106170654297e-05
5779,0.9999316930770874
5782,0.9968667030334473
5785,0.00023376941680908203
5786,0.45138198137283325
5787,0.999677300453186
5788,0.9988503456115723
5796,0.006287932395935059
5802,0.9637175798416138
5806,1.0
5809,1.6480684280395508e-05
5810,0.00031501054763793945
5811,0.9999022483825684
5813,0.9995098114013672
5820,0.006901979446411133
5823,3.567337989807129e-05
5830,0.9999987483024597
5831,7.894635200500488e-05
5838,0.9999997615814209
5839,0.9569063186645508
5844,0.8744395971298218
5846,0.4241323471069336
5851,0.6396422386169434
5852,0.9992379546165466
5857,0.9999699592590332
5859,5.1021575927734375e-05
5860,1.0
5862,0.015748143196105957
5865,0.9703704118728638
5866,0.07171651721000671
5871,0.9999974966049194
5872,0.9998367428779602
5877,0.9999974966049194
5878,1.0
5879,0.6755656003952026
5880,0.9628087282180786
5895,5.3942203521728516e-06
5897,0.009050369262695312
5910,0.00012049078941345215
5914,0.002557605504989624
5915,0.0
5917,1.6510486602783203e-05
5924,1.9371509552001953e-06
5926,0.002557605504989624
5931,0.004142731428146362
5936,0.0007550418376922607
5940,0.0011532306671142578
5941,2.5033950805664062e-06
5945,7.134675979614258e-05
5946,0.007492750883102417
5948,0.9064934253692627
5951,0.5429287552833557
5967,0.0006344318389892578
5968,4.470348358154297e-07
5969,0.00447690486907959
5970,0.020083338022232056
5971,0.48885592818260193
5973,0.00012418627738952637
5976,0.0016496777534484863
5977,0.0054292380809783936
5984,0.008149802684783936
5986,0.42699238657951355
5993,0.48885592818260193
5994,0.8306204080581665
6005,0.9404739141464233
6006,0.9999996423721313
6008,0.5057158470153809
6010,0.5086660385131836
6011,0.10183319449424744
6014,0.018936455249786377
6016,0.3720064163208008
6018,1.4901161193847656e-07
6021,0.4832562208175659
6025,0.9923418164253235
6028,0.09204575419425964
6029,0.9998979568481445
6035,2.086162567138672e-07
6040,0.19031721353530884
6042,0.08717098832130432
6044,0.6636128425598145
6046,0.76125168800354
6052,0.013564079999923706
6054,0.979290246963501
6062,0.9999963045120239
6063,0.9998865127563477
6067,1.0
6068,1.0
6077,0.034526318311691284
6079,2.9802322387695312e-08
6080,0.0001684725284576416
6081,0.9999997019767761
6082,1.0
6089,7.152557373046875e-07
6095,8.940696716308594e-08
6101,1.2516975402832031e-06
6107,4.708766937255859e-06
6114,4.559755325317383e-06
6117,2.8312206268310547e-06
6121,0.0004125535488128662
6122,0.0
6124,1.0877847671508789e-05
6129,3.656744956970215e-05
6131,0.48885592818260193
6136,0.24741420149803162
6139,0.00013884902000427246
6142,0.003360927104949951
6143,0.9988770484924316
6144,0.8655904531478882
6149,0.003360927104949951
6155,0.9699287414550781
6157,0.25057289004325867
6158,6.854534149169922e-06
6161,1.2069940567016602e-05
6168,0.9584171772003174
6172,1.2069940567016602e-05
6176,1.2069940567016602e-05
6177,0.006381988525390625
6179,0.052969157695770264
6180,0.9999949336051941
6182,0.04595351219177246
6186,0.4609740376472473
6189,0.4177643954753876
6190,0.44125887751579285
6194,0.999204158782959
6204,8.672475814819336e-06
6205,0.31629979610443115
6209,0.00021377205848693848
6210,0.4609740376472473
6212,0.07832545042037964
6214,0.9999908804893494
6221,0.9988753199577332
6225,0.9999825954437256
6228,0.5166330933570862
6229,0.4609740376472473
6231,0.6461175680160522
6235,0.011494278907775879
6236,0.30822068452835083
6237,0.995701789855957
6238,0.04119670391082764
6239,0.30822068452835083
6242,0.30822068452835083
6249,0.30822068452835083
6250,0.30822068452835083
6251,0.3227158188819885
6252,0.995701789855957
6260,0.007212698459625244
6264,0.8998994827270508
6266,0.22506001591682434
6270,0.0001201927661895752
6275,0.30822068452835083
6279,0.9963437914848328
6280,0.30822068452835083
6284,0.30822068452835083
6285,0.0023086965084075928
6286,0.020177006721496582
6287,0.9986164569854736
6288,0.01778346300125122
6289,0.9999997615814209
6290,0.33910900354385376
6291,0.9882735013961792
6295,0.9808787107467651
6298,0.9999986290931702
6307,0.9378335475921631
6308,0.011393159627914429
6309,0.9983857870101929
6313,0.272956520318985
6316,0.0014926791191101074
6319,0.8894323110580444
6321,0.008188247680664062
6324,9.715557098388672e-05
6327,0.0005846619606018066
6333,0.9999852180480957
6351,0.9976540803909302
6352,0.48885592818260193
6353,0.0004887282848358154
6357,0.48885592818260193
6359,1.0
6360,0.9993812441825867
6364,0.9673075675964355
6367,0.22715136408805847
6368,0.9999147057533264
6377,0.9999994039535522
6378,0.9999994039535522
6379,0.00040650367736816406
6381,0.9998255968093872
6390,1.0
6401,0.999975323677063
6408,1.0
6409,1.0
6411,0.0013560950756072998
6419,0.17226776480674744
6424,0.9997214078903198
6426,0.9998863935470581
6428,5.632638931274414e-06
6431,5.960464477539063e-08
6432,0.9780908823013306
6433,0.42339184880256653
6435,0.9999998807907104
6437,0.0
6439,1.0
6442,9.447336196899414e-06
6444,1.0
6447,0.9995986819267273
6456,0.9983383417129517
6457,0.9977151155471802
6460,2.703070640563965e-05
6468,0.0003668367862701416
6471,0.9089179039001465
6475,2.086162567138672e-06
6476,0.9999998807907104
6479,1.0
6483,0.999997615814209
6487,1.0
6488,7.748603820800781e-07
6489,5.960464477539063e-08
6496,0.999330997467041
6498,0.0
6502,0.025725901126861572
6503,0.010737359523773193
6507,0.02522715926170349
6508,4.827976226806641e-06
6509,0.9770954251289368
6517,0.999454915523529
6521,1.5407800674438477e-05
6522,0.00024625658988952637
6524,1.0132789611816406e-06
6526,5.066394805908203e-07
6531,1.0
6533,0.0
6538,0.06119239330291748
6539,0.6141231060028076
6544,0.796900749206543
6557,0.9347841143608093
6558,1.1920928955078125e-07
6562,1.4901161193847656e-07
6563,6.16908073425293e-06
6564,2.086162567138672e-07
6574,2.047419548034668e-05
6578,0.0037548840045928955
6581,2.6226043701171875e-05
6584,3.740191459655762e-05
6587,0.012566208839416504
6589,2.0444393157958984e-05
6590,0.0
6592,6.181001663208008e-05
6595,0.01534917950630188
6599,0.2037772834300995
6600,0.0
6606,0.002041757106781006
6609,0.011502236127853394
6612,0.0003942549228668213
6615,8.553266525268555e-06
6618,1.65402889251709e-05
6620,1.3738870620727539e-05
6623,8.046627044677734e-07
6633,0.0016026198863983154
6639,0.9999997019767761
6640,0.9999898672103882
6641,0.9999997019767761
6645,0.7401716113090515
6650,0.9886019229888916
6651,0.0005741119384765625
6652,0.01528698205947876
6657,0.0007966160774230957
6659,0.0004092752933502197
6666,0.9998440742492676
6671,0.002524644136428833
6673,0.9998126029968262
6674,0.0006203055381774902
6677,7.659196853637695e-06
6680,0.8271870613098145
6684,0.0
6685,0.022137582302093506
6691,0.04595428705215454
6692,0.0005604028701782227
6696,0.5998080968856812
6698,0.0004970133304595947
6704,3.2782554626464844e-07
6705,0.0008047819137573242
6710,0.00042751431465148926
6713,0.13022953271865845
6715,0.005144447088241577
6717,0.0028329193592071533
6718,1.862645149230957e-05
6720,0.00042751431465148926
6728,0.9999979138374329
6732,3.904104232788086e-06
6733,5.27501106262207e-06
6739,1.8298625946044922e-05
6740,4.711747169494629e-05
6741,2.9802322387695312e-08
6743,0.0857374370098114
6747,0.00042751431465148926
6750,0.0024151504039764404
6752,0.9999182820320129
6753,0.48885592818260193
6755,0.0024151504039764404
6761,1.1026859283447266e-06
6763,0.04847255349159241
6768,0.9989793300628662
6770,0.0
6771,0.4909248650074005
6777,0.48885592818260193
6778,0.5542359352111816
6780,1.1920928955078125e-07
6782,0.021901607513427734
6786,0.0024151504039764404
6791,0.04847255349159241
6797,0.18986377120018005
6798,0.011830121278762817
6803,0.0005266964435577393
6805,0.06148242950439453
6812,0.06148242950439453
6816,0.018219560384750366
6818,0.06148242950439453
6822,0.06148242950439453
6825,0.06148242950439453
6826,0.07990953326225281
6827,0.0015755295753479004
6829,0.08785200119018555
6831,2.8312206268310547e-06
6836,0.023625344038009644
6838,7.987022399902344e-05
6840,2.652406692504883e-06
6842,0.00047466158866882324
6846,0.06148242950439453
6851,0.6825746297836304
6853,0.9987058639526367
6856,0.0002487301826477051
6859,0.9741346836090088
6865,0.9457129240036011
6866,0.7994462847709656
6868,1.0
6869,0.9525207281112671
6871,0.9999988079071045
6873,0.9999982714653015
6886,0.996390163898468
6887,0.0011320710182189941
6888,0.9983891248703003
6889,1.0
6891,0.966554582118988
6894,0.9857807159423828
6895,0.0053116679191589355
6899,0.9993700981140137
6901,0.8508158922195435
6902,0.5402024984359741
6904,0.9998983144760132
6906,0.9990921020507812
6922,0.0150681734085083
6923,0.0014887452125549316
6924,4.5865774154663086e-05
6927,0.9996335506439209
6934,0.9971904754638672
6938,0.9983757734298706
6941,0.00027695298194885254
6942,0.908134937286377
6944,0.001496344804763794
6947,2.7388334274291992e-05
6952,0.01384592056274414
6957,4.470348358154297e-06
6958,0.9999998807907104
6964,0.2012530267238617
6968,0.0004070103168487549
6969,0.9999998807907104
6976,0.99835205078125
6982,0.9844081401824951
6986,0.9991759061813354
6987,1.0
6989,0.9016103744506836
6991,0.992031455039978
6993,0.5617619156837463
6995,5.361437797546387e-05
6997,9.608268737792969e-05
7000,1.5079975128173828e-05
7003,0.00021919608116149902
7004,1.3113021850585938e-06
7007,0.9995744228363037
7011,0.0028345882892608643
7014,6.198883056640625e-06
7016,0.04150265455245972
7017,0.0014474093914031982
7020,0.41605523228645325
7022,5.361437797546387e-05
7028,5.361437797546387e-05
7033,0.9999573230743408
7034,0.999822735786438
7035,0.0006583333015441895
7038,0.00021919608116149902
7040,5.361437797546387e-05
7041,1.5079975128173828e-05
7042,2.652406692504883e-06
7045,2.086162567138672e-07
7049,7.12275505065918e-06
7055,0.0012809932231903076
7057,0.550473690032959
7062,0.0
7064,0.11660808324813843
7066,0.0
7067,1.1920928955078125e-07
7072,5.364418029785156e-07
7079,0.0005404949188232422
7082,0.02657225728034973
7083,0.00015997886657714844
7084,3.814697265625e-06
7085,1.4483928680419922e-05
7087,0.0009525716304779053
7090,3.546476364135742e-06
7094,2.086162567138672e-07
7096,0.9979768991470337
7099,0.00847172737121582
7100,5.513429641723633e-06
7101,0.0022113025188446045
7102,2.086162567138672e-07
7103,3.272294998168945e-05
7107,0.9156702160835266
7110,3.272294998168945e-05
7113,0.6867464780807495
7117,0.0021340548992156982
7119,0.0006994307041168213
7123,0.5719666481018066
7127,6.258487701416016e-07
7133,0.9997751712799072
7139,0.43658456206321716
7143,0.017576217651367188
7145,0.0
7151,0.025023311376571655
7152,0.030740469694137573
7153,0.3806759715080261
7156,0.01628214120864868
7162,0.7159221172332764
7170,0.9999938011169434
7172,2.682209014892578e-07
7177,0.8239743709564209
7181,0.9999959468841553
7182,0.09115716814994812
7189,0.0011749863624572754
7190,0.9999046325683594
7200,0.9542253017425537
7207,0.9924911856651306
7209,0.9999997615814209
7212,0.970773458480835
7216,0.004182249307632446
7217,0.9998561143875122
7219,0.9720644950866699
7220,3.516674041748047e-06
7222,0.0646287202835083
7225,0.9994226694107056
7233,0.8626903295516968
7237,0.47093507647514343
7238,0.9984945058822632
7239,0.9999998211860657
7240,0.9983015060424805
7243,1.0
7245,1.0
7246,0.9999227523803711
7249,1.0
7257,0.5565025806427002
7258,0.9998632669448853
7259,0.9999993443489075
7262,0.9999945163726807
7263,0.9990090131759644
7269,0.9999958872795105
7271,0.9999974966049194
7273,0.9990090131759644
7276,0.988233208656311
7279,0.9981676340103149
7282,1.0
7284,0.9999886155128479
7293,0.9999998807907104
7298,1.0
7303,0.9992942810058594
7304,1.0
7305,8.642673492431641e-07
7308,0.999929666519165
7313,0.5215717554092407
7314,0.9999998807907104
7321,0.009202390909194946
7322,0.052168816328048706
7327,0.017443209886550903
7333,2.7418136596679688e-06
7336,0.06740647554397583
7339,0.9987319707870483
7341,0.9994471073150635
7346,7.450580596923828e-05
7347,0.48885592818260193
7349,0.9998846650123596
7351,9.66489315032959e-05
7353,1.1622905731201172e-06
7363,0.05332955718040466
7364,0.00016641616821289062
7368,0.7548409700393677
7370,0.9994120597839355
7375,3.5762786865234375e-07
7376,0.31851738691329956
7379,4.157423973083496e-05
7382,1.4901161193847656e-07
7384,0.0
7385,2.294778823852539e-06
7387,0.0
7388,0.013823091983795166
7389,0.0002630949020385742
7394,3.549456596374512e-05
7396,0.00018554925918579102
7398,1.2814998626708984e-06
7399,0.016156762838363647
7401,1.1920928955078125e-07
7404,0.00018554925918579102
7406,0.7721459865570068
7409,0.00018554925918579102
7411,0.00031319260597229004
7417,1.0877847671508789e-05
7420,1.4960765838623047e-05
7422,0.0
7423,3.129243850708008e-06
7427,0.9998416304588318
7429,0.48885592818260193
7432,5.960464477539063e-08
7435,5.2481889724731445e-05
7436,0.9999108910560608
7440,0.9999994039535522
7441,0.0015173554420471191
7445,0.005328446626663208
7448,0.004567563533782959
7449,0.1760910451412201
7450,0.00048613548278808594
7454,0.9018454551696777
7455,0.037996143102645874
7460,0.04940780997276306
7462,0.0179784893989563
7464,0.06727945804595947
7466,2.7418136596679688e-06
7468,2.682209014892578e-07
7469,2.7418136596679688e-06
7471,0.0010853409767150879
7472,1.576542854309082e-05
7483,5.7220458984375e-06
7484,5.7220458984375e-06
7485,0.4289921224117279
7486,1.7881393432617188e-07
7487,0.0
7489,0.9766192436218262
7492,8.344650268554688e-07
7495,1.0
7499,1.0
7500,0.9999998807907104
7506,1.0
7508,0.389055460691452
7509,0.9907281398773193
7511,0.9999996423721313
7516,1.0
7524,0.9999984502792358
7538,0.9825830459594727
7539,1.0
7541,0.9999996423721313
7546,1.0
7549,1.0
7562,1.0
7564,0.9999982118606567
7567,0.9999997615814209
7572,1.0
7574,1.0
7575,1.0
7586,1.0
7592,1.0
7596,0.4324025809764862
7597,0.59194016456604
7599,3.9637088775634766e-06
7606,0.00300481915473938
7615,0.9128282070159912
7618,0.5804987549781799
7620,7.143616676330566e-05
7624,0.4324025809764862
7625,0.4324025809764862
7629,0.7020071744918823
7632,0.9909748435020447
7636,0.11095482110977173
7637,0.4311881363391876
7646,1.8924474716186523e-05
7655,0.4648493528366089
7658,7.450580596923828e-06
7660,2.5033950805664062e-06
7664,0.0010106563568115234
7665,5.066394805908203e-07
7666,0.0
7667,1.0222196578979492e-05
7673,1.7881393432617188e-07
7676,0.0004795491695404053
7682,1.7881393432617188e-07
7684,1.2367963790893555e-05
7690,0.0
7697,0.0
7700,1.4901161193847656e-07
7704,2.6226043701171875e-06
7705,3.725290298461914e-06
7706,1.5795230865478516e-06
7708,4.76837158203125e-07
7709,8.642673492431641e-07
7710,0.005940616130828857
7713,0.0
7716,0.00018528103828430176
7726,5.960464477539063e-08
7729,5.960464477539063e-08
7730,1.6689300537109375e-06
7732,0.0069807469844818115
7734,0.0
7740,4.76837158203125e-07
7741,4.7087669372558594e-05
7745,1.0
7757,0.12099960446357727
7762,0.5417743921279907
7770,0.9999999403953552
7776,0.6740951538085938
7777,0.0005879402160644531
7778,0.9999998807907104
7779,0.0021300315856933594
7782,4.26173210144043e-06
7786,0.9999372959136963
7791,0.999947190284729
7792,0.7010374069213867
7794,0.0009064674377441406
7795,3.910064697265625e-05
7796,2.175569534301758e-06
7798,6.645917892456055e-06
7805,0.00011119246482849121
7806,0.001132965087890625
7808,0.00019741058349609375
7811,0.00020378828048706055
7814,0.001094818115234375
7819,0.00011119246482849121
7820,0.8941978216171265
7825,9.864568710327148e-06
7829,0.02140021324157715
7834,1.5497207641601562e-06
7836,9.864568710327148e-06
7838,0.4406786561012268
7841,0.0010510683059692383
7845,0.9999935626983643
7846,0.0025824308395385742
7853,0.0025824308395385742
7856,0.35723185539245605
7858,3.597140312194824e-05
7859,0.996638298034668
7866,0.0797761082649231
7875,0.9999999403953552
7879,0.0025824308395385742
7884,3.30805778503418e-05
7886,0.996638298034668
7890,0.002310335636138916
7892,3.597140312194824e-05
7896,0.9982873797416687
7899,0.9999871253967285
7900,0.9999992251396179
7901,0.003790438175201416
7904,0.9435713291168213
7911,0.14743146300315857
7917,7.194280624389648e-05
7919,0.9649546146392822
7920,1.0
7921,1.0
7922,2.086162567138672e-07
7925,1.0
7927,0.35559195280075073
7928,1.0
7931,0.0008783340454101562
7942,0.00031936168670654297
7946,1.0
7947,0.0007855892181396484
7948,0.0015627741813659668
7951,0.5435514450073242
7956,2.682209014892578e-07
7961,1.0
7964,1.0
7966,1.0
7967,5.7697296142578125e-05
7974,1.0
7975,2.5600194931030273e-05
7979,1.0
7985,1.0
7986,0.9999998211860657
7993,0.003130882978439331
7995,1.0
7997,1.4901161193847656e-07
7998,1.0
8004,1.0
8007,1.0
8011,0.0002911388874053955
8014,0.9922021627426147
8022,1.6391277313232422e-06
8027,3.725290298461914e-05
8033,0.48885592818260193
8041,1.6391277313232422e-06
8042,0.9847046136856079
8046,0.03756380081176758
8048,0.9909464120864868
8050,0.8736359477043152
8051,0.9999200105667114
8052,0.9999420642852783
8053,0.7309783697128296
8054,0.9998166561126709
8059,4.3720006942749023e-05
8063,0.9999991655349731
8072,7.745623588562012e-05
8075,0.0
8076,0.0004489719867706299
8077,0.9988300800323486
8078,8.109211921691895e-05
8080,0.2494209110736847
8082,0.0
8086,8.07642936706543e-06
8090,0.7030785083770752
8092,0.0001499652862548828
8093,7.748603820800781e-07
8099,0.9999984502792358
8104,0.9999964237213135
8107,7.808208465576172e-06
8108,3.8743019104003906e-07
8114,0.003469616174697876
8115,0.0009920299053192139
8117,0.9999986290931702
8123,1.0
8124,0.9975117444992065
8127,0.9999844431877136
8132,6.735324859619141e-06
8134,0.9925060272216797
8139,2.288818359375e-05
8145,0.9998441934585571
8148,1.0
8151,1.0
8152,1.0
8153,0.0004906058311462402
8157,0.06294634938240051
8160,0.9999998807907104
8166,1.0
8167,1.0
8173,0.9999966621398926
8174,1.0
8178,1.0
8179,0.98808753490448
8185,0.10169276595115662
8186,1.0
8192,0.924220085144043
8193,0.10560259222984314
8194,8.180737495422363e-05
8197,5.27501106262207e-06
8198,3.248453140258789e-06
8199,5.27501106262207e-06
8200,7.686018943786621e-05
8206,0.00010123848915100098
8207,0.00010123848915100098
8220,3.0994415283203125e-06
8222,0.002527892589569092
8227,0.0
8228,1.1920928955078125e-06
8229,0.40764737129211426
8230,0.9948955178260803
8233,0.9948955178260803
8248,0.015243232250213623
8249,0.06294775009155273
8255,5.960464477539063e-08
8260,0.06294775009155273
8263,0.321364164352417
8265,0.9945530891418457
8268,0.007989615201950073
8269,0.0013858973979949951
8272,0.9993091225624084
8273,0.6284051537513733
8275,0.9999910593032837
8277,0.00286141037940979
8281,0.04220965504646301
8282,0.9986536502838135
8290,0.48885592818260193
8293,0.021280914545059204
8299,0.00021207332611083984
8302,0.48885592818260193
8303,0.4786822199821472
8305,0.40734022855758667
8306,0.00011298060417175293
8307,0.011170417070388794
8308,0.41792792081832886
8313,0.022442162036895752
8316,0.48885592818260193
8319,1.6897916793823242e-05
8322,0.05974116921424866
8323,0.0012115240097045898
8325,0.001337677240371704
8326,0.9955614805221558
8327,4.26173210144043e-06
8328,0.48885592818260193
8331,0.4786822199821472
8333,0.7895636558532715
8336,0.39565855264663696
8338,0.48885592818260193
8340,0.011170417070388794
8342,2.9802322387695312e-06
8343,0.0002886056900024414
8353,8.940696716308594e-08
8354,0.012035280466079712
8357,4.25875186920166e-05
8358,8.940696716308594e-08
8359,2.682209014892578e-07
8373,0.0008920729160308838
8376,5.364418029785156e-06
8379,9.989738464355469e-05
8380,3.516674041748047e-06
8381,6.556510925292969e-06
8384,7.2479248046875e-05
8395,0.9999998807907104
8398,0.9999998807907104
8403,0.0
8407,0.9999998807907104
8413,0.9999998807907104
8417,0.9999998807907104
8420,0.9999998807907104
8421,0.0
8424,0.9999998807907104
8426,0.9999998807907104
8427,0.9999998807907104
8438,0.9999998807907104
8439,0.06449636816978455
8442,0.0
8449,1.3113021850585938e-06
8456,0.0
8460,0.00013235211372375488
8462,0.0021283328533172607
8465,0.9888741970062256
8466,0.09474056959152222
8467,1.4901161193847656e-07
8469,0.0022059082984924316
8470,1.6391277313232422e-06
8474,0.9921844005584717
8479,8.940696716308594e-07
8481,7.748603820800781e-07
8482,7.748603820800781e-07
8485,0.0
8488,0.9921844005584717
8492,2.5659799575805664e-05
8493,0.0007506608963012695
8495,1.1622905731201172e-06
8499,9.322166442871094e-05
8501,0.04700654745101929
8519,1.5556812286376953e-05
8521,5.513429641723633e-06
8525,0.013257473707199097
8527,4.437565803527832e-05
8529,1.8715858459472656e-05
8532,0.0005384087562561035
8534,5.960464477539063e-08
8535,1.7881393432617188e-07
8537,4.184246063232422e-05
8544,0.006638079881668091
8548,0.00024247169494628906
8549,0.0004635751247406006
8552,0.0
8554,7.399916648864746e-05
8563,2.9802322387695312e-06
8564,1.7344951629638672e-05
8565,0.046831756830215454
8566,0.00013872981071472168
8568,0.00043064355850219727
8569,0.0
8573,0.046831756830215454
8583,2.562999725341797e-05
8588,5.048513412475586e-05
8590,0.00012680888175964355
8592,0.860353946685791
8593,0.0006942152976989746
8594,0.9999233484268188
8597,1.004338264465332e-05
8600,0.9746181964874268
8601,0.0001698136329650879
8602,0.9999645948410034
8603,0.056586384773254395
8604,0.7709900736808777
8605,0.0009921491146087646
8611,9.953975677490234e-05
8614,0.001016080379486084
8616,0.8556168079376221
8617,0.002764374017715454
8619,0.18473371863365173
8626,0.9999998807907104
8629,0.000628739595413208
8630,3.883242607116699e-05
8632,0.0051094889640808105
8634,0.9872275590896606
8641,0.9995275735855103
8645,0.9998875260353088
8649,0.9982147216796875
8652,0.9999995827674866
8666,0.9999635815620422
8671,4.32133674621582e-06
8672,0.9999028444290161
8675,0.9999964237213135
8678,1.0
8679,1.0
8682,0.43253594636917114
8687,0.9999991655349731
8701,0.04570832848548889
8703,1.2248754501342773e-05
8707,0.6694923639297485
8713,2.682209014892578e-07
8716,5.549192428588867e-05
8719,1.0073184967041016e-05
8725,0.48885592818260193
8730,0.0005572736263275146
8731,0.756966769695282
8748,0.0
8749,7.3909759521484375e-06
8756,2.1457672119140625e-06
8764,4.461407661437988e-05
8765,7.906556129455566e-05
8769,0.00014778971672058105
8771,7.906556129455566e-05
8772,6.565451622009277e-05
8773,0.18218106031417847
8779,0.0008606314659118652
8792,0.003297477960586548
8794,3.7550926208496094e-06
8796,0.007531344890594482
8798,0.0001011192798614502
8803,0.0
8807,6.29127025604248e-05
8809,0.0
8811,0.0
8813,0.0
8814,1.4901161193847656e-07
8818,0.058989375829696655
8819,0.005101442337036133
8820,0.9999942779541016
8821,1.1920928955078125e-06
8822,5.960464477539063e-08
8824,0.00010573863983154297
8826,0.00010573863983154297
8827,0.0002930164337158203
8828,0.0002700984477996826
8833,0.10467711091041565
8834,0.0
8845,4.318356513977051e-05
8847,5.9038400650024414e-05
8849,0.21663188934326172
8861,3.552436828613281e-05
8867,6.079673767089844e-06
8868,0.9978209733963013
8870,0.0
8873,1.2516975402832031e-05
8874,6.705522537231445e-06
8876,7.382035255432129e-05
8877,0.0006628036499023438
8879,0.7116715908050537
8882,8.07642936706543e-06
8884,1.65402889251709e-05
8889,0.0015886127948760986
8891,7.241964340209961e-06
8894,0.6394111514091492
8895,0.0944085419178009
8897,0.001272827386856079
8898,0.8822369575500488
8901,2.9802322387695312e-08
8904,0.9021113514900208
8909,0.9978274703025818
8910,0.020327389240264893
8911,1.0669231414794922e-05
8915,0.004386723041534424
8917,0.22969961166381836
8918,4.678964614868164e-06
8919,0.0092715322971344
8922,0.0018435418605804443
8925,0.8560247421264648
8928,0.21150696277618408
8929,0.995133638381958
8930,0.9894607663154602
8932,0.0
8937,0.9621763229370117
8940,0.040127724409103394
8943,1.4930963516235352e-05
8950,1.2516975402832031e-06
8951,0.10326194763183594
8954,1.4901161193847656e-07
8958,1.0
8960,0.00771641731262207
8964,0.996751070022583
8975,6.556510925292969e-07
8977,0.002332717180252075
8981,0.17376133799552917
8982,0.995093584060669
8984,0.31764456629753113
8988,0.015240699052810669
8990,0.9962714910507202
8991,2.2798776626586914e-05
8995,0.0014258623123168945
8997,0.01951196789741516
9003,1.3709068298339844e-06
9004,3.394484519958496e-05
9010,0.0015039145946502686
9011,4.231929779052734e-06
9013,0.005517035722732544
9014,2.9206275939941406e-06
9015,1.519918441772461e-06
9017,0.002158045768737793
9019,0.002118319272994995
9021,0.0042791664600372314
9024,1.4901161193847656e-07
9032,5.960464477539063e-08
9035,0.00010699033737182617
9036,0.02912694215774536
9037,1.996755599975586e-05
9043,1.0
9046,0.9999998807907104
9048,1.0
9049,0.9999929070472717
9050,0.9999592304229736
9056,0.9996765851974487
9063,0.0032011568546295166
9065,0.9999994039535522
9066,1.0
9068,2.568960189819336e-05
9069,0.9998724460601807
9070,0.7379089593887329
9073,0.9785609245300293
9076,1.0
9091,0.9986559748649597
9092,1.0
9104,1.0
9105,1.0
9108,1.0
9111,1.0
9115,1.0
9117,1.0
9122,1.0
9125,1.0
9127,1.0
9129,0.9999998807907104
9133,1.0
9136,1.0
9138,0.9999998807907104
9140,1.0
9147,1.0
9150,1.0
9152,1.0
9153,0.9999998211860657
9155,1.0
9158,0.9999998807907104
9160,1.0
9163,1.0
9165,1.0
9167,0.9789493680000305
9168,0.9999953508377075
9170,1.0
9176,0.9999998807907104
9178,1.0
9184,1.0
9186,0.9999999403953552
9188,0.9999997615814209
9189,1.0
9190,1.0
9196,0.4547712206840515
9198,0.9852398633956909
9199,0.9999998807907104
9200,0.9999983906745911
9201,0.1526658833026886
9202,1.0
9204,1.0
9205,1.0
9213,1.0
9214,1.0
9224,1.0
9227,1.0
9228,1.0
9229,0.9999974966049194
9234,1.0
9236,0.9999991059303284
9241,1.0
9243,2.473592758178711e-06
9245,0.0
9256,0.9999998807907104
9258,1.1920928955078125e-07
9261,2.086162567138672e-07
9274,0.00015339255332946777
9279,3.5762786865234375e-07
9282,9.381771087646484e-05
9284,0.03674772381782532
9285,2.9802322387695312e-08
9291,1.2516975402832031e-05
9295,3.8743019104003906e-07
9299,2.384185791015625e-07
9302,0.00014978647232055664
9304,0.746084451675415
9305,0.0
9306,0.0
9310,0.0
9312,5.27501106262207e-06
9316,1.1235475540161133e-05
9318,0.006480157375335693
9323,0.0001208186149597168
9326,0.0
9327,0.0011745691299438477
9328,4.082918167114258e-06
9331,0.4639444947242737
9335,0.0002518594264984131
9336,0.01126021146774292
9340,0.00023344159126281738
9349,0.06319886445999146
9352,0.0002141892910003662
9353,0.00048229098320007324
9354,0.9996126890182495
9356,1.043081283569336e-06
9357,4.184246063232422e-05
9358,7.838010787963867e-06
9359,2.9802322387695312e-08
9364,0.1875440776348114
9366,1.0
9369,3.5762786865234375e-07
9370,2.086162567138672e-07
9379,5.960464477539063e-08
9381,4.470348358154297e-07
9383,1.4901161193847656e-07
9389,3.606081008911133e-05
9390,0.011330574750900269
9392,0.8591223359107971
9394,0.9986155033111572
9398,0.9999980926513672
9399,0.9963130950927734
9400,0.0
9407,0.9997237920761108
9409,1.0
9412,0.9998859167098999
9413,1.0
9415,0.00018084049224853516
9419,0.9994485378265381
9423,1.1920928955078125e-06
9424,0.9922828674316406
9426,0.061281412839889526
9427,0.5690478086471558
9428,3.11732292175293e-05
9429,0.3795749247074127
9433,0.9995805025100708
9437,0.9296077489852905
9440,0.908722460269928
9442,0.9999955892562866
9443,0.9955475330352783
9444,0.08237850666046143
9447,0.995648980140686
9459,0.013668149709701538
9461,0.48885592818260193
9462,0.981737494468689
9464,1.0
9473,0.9671846628189087
9475,0.10575264692306519
9476,1.0
9477,0.6208665370941162
9478,0.48885592818260193
9479,0.9671846628189087
9483,0.9867274761199951
9487,0.48885592818260193
9494,0.9999877214431763
9497,0.9999999403953552
9498,1.0
9506,0.06568074226379395
9512,0.4910663068294525
9514,0.9999994039535522
9515,0.29243558645248413
9516,0.9999997615814209
9517,0.7069400548934937
9518,0.0
9521,0.9896579384803772
9523,0.9988110065460205
9527,0.9996985197067261
9528,0.996796727180481
9530,0.015399128198623657
9532,0.9999740719795227
9534,0.9999996423721313
9535,0.00018170475959777832
9536,1.0
9543,0.006099730730056763
9544,0.026569753885269165
9545,0.9885568618774414
9546,0.9978271722793579
9549,0.00039070844650268555
9558,2.682209014892578e-07
9560,7.748603820800781e-07
9561,6.496906280517578e-06
9570,0.0001513957977294922
9573,4.76837158203125e-07
9578,0.0022727549076080322
9584,8.940696716308594e-08
9587,0.0002167820930480957
9588,0.0
9599,7.212162017822266e-06
9601,0.00012022256851196289
9604,5.5730342864990234e-06
9614,0.9999819993972778
9615,0.9998990297317505
9621,0.9989652037620544
9622,0.7648879289627075
9623,0.9999996423721313
9624,0.02716505527496338
9626,1.0
9628,1.0
9630,1.2606382369995117e-05
9631,0.9999997615814209
9633,0.9999996423721313
9635,0.9999969005584717
9637,0.9916751384735107
9641,0.0008127093315124512
9647,0.9999997615814209
9648,0.9999996423721313
9649,0.0004037618637084961
9658,5.662441253662109e-06
9662,1.0
9668,0.9987285733222961
9671,0.9468463659286499
9676,1.0
9677,0.9999974966049194
9679,8.940696716308594e-08
9682,1.0
9685,0.0
9689,0.9999332427978516
9692,0.9999998211860657
9693,6.258487701416016e-07
9694,0.005155891180038452
9696,0.0017881989479064941
9700,5.811452865600586e-06
9711,1.0
9713,0.030189067125320435
9720,0.00013002753257751465
9721,1.0
9725,0.985675573348999
9726,0.6377619504928589
9727,0.42174550890922546
9735,0.003221184015274048
9740,1.0
9742,1.0
9743,0.0016522705554962158
9747,1.0
9748,1.0
9751,1.0
9758,0.004778861999511719
9767,0.0005068480968475342
9768,0.20667269825935364
9773,0.00015845894813537598
9777,0.3410272002220154
9781,0.0010694563388824463
9784,3.293156623840332e-05
9786,0.002642601728439331
9789,0.452840119600296
9792,1.1920928955078125e-07
9793,6.67572021484375e-06
9798,0.31739935278892517
9799,4.756450653076172e-05
9802,3.5762786865234375e-07
9803,0.999940037727356
9804,9.02414321899414e-05
9805,2.7120113372802734e-05
9807,0.7429289817810059
9809,0.9760177135467529
9811,0.031057387590408325
9814,6.67870044708252e-05
9817,0.8723435401916504
9821,0.9999980926513672
9824,0.9906458258628845
9825,0.8804823160171509
9827,0.9998728036880493
9839,0.9999776482582092
9840,5.960464477539063e-08
9843,0.7017565369606018
9844,0.00031450390815734863
9845,2.03549861907959e-05
9847,5.334615707397461e-06
9848,0.001019805669784546
9851,2.03549861907959e-05
9852,0.6113911271095276
9855,0.0008503496646881104
9856,0.025035500526428223
9863,5.543231964111328e-06
9867,3.3080577850341797e-06
9871,0.0006003975868225098
9876,0.05784982442855835
9879,8.758902549743652e-05
9882,3.6209821701049805e-05
9891,5.066394805908203e-07
9892,0.0023436248302459717
9893,7.81714916229248e-05
9895,0.015086442232131958
9899,0.0002639591693878174
9900,1.1920928955078125e-07
9902,2.053380012512207e-05
9903,0.11713594198226929
9904,0.00452113151550293
9908,9.670853614807129e-05
9913,9.435415267944336e-05
9914,0.030768126249313354
9917,3.844499588012695e-06
9922,0.8156815767288208
9924,8.046627044677734e-07
9926,0.5636914372444153
9927,5.3942203521728516e-06
9928,0.005058109760284424
9929,1.1920928955078125e-07
9936,0.0
9939,0.00021320581436157227
9947,6.556510925292969e-07
9951,1.2516975402832031e-06
9954,0.00013151764869689941
9956,0.0
9957,1.3321638107299805e-05
9959,0.34806501865386963
9962,0.00015601515769958496
9964,0.003888726234436035
9966,0.00020182132720947266
9968,0.002438157796859741
9969,0.000492483377456665
9970,6.973743438720703e-06
9975,0.04854890704154968
9977,0.0023390650749206543
9981,0.00033342838287353516
9993,0.00013566017150878906
9996,0.9966796636581421
9997,0.0022742748260498047
9999,0.9975156784057617
10002,0.02851983904838562
10007,1.0
10015,0.0007297694683074951
10019,0.9999991655349731
10022,0.001828014850616455
10024,0.9996073246002197
10026,0.0003336668014526367
10033,0.0001289844512939453
10043,4.4405460357666016e-06
10046,0.0
10051,0.7754641771316528
10053,0.0024031996726989746
10062,0.9999790191650391
10063,0.9999992847442627
10065,1.0
10068,0.9933435916900635
10078,0.9970840215682983
10086,0.9999998211860657
10094,0.594976007938385
10095,0.9999682307243347
10096,0.9999304413795471
10097,0.998222827911377
10103,0.9999992847442627
10104,0.9999998807907104
10108,2.8908252716064453e-06
10122,9.5367431640625e-07
10123,0.8336204886436462
10128,0.0026677846908569336
10131,2.2351741790771484e-06
10133,2.086162567138672e-07
10134,0.009993672370910645
10135,0.0013622939586639404
10145,0.003103703260421753
10148,9.238719940185547e-07
10154,0.13869240880012512
10155,0.0002925097942352295
10158,1.0
10160,0.9999998807907104
10161,0.04905587434768677
10162,0.9999976754188538
10165,0.9999998807907104
10166,1.0
10167,0.9999987483024597
10170,0.9998931884765625
10178,0.9999930262565613
10180,0.9999995827674866
10181,1.0
10185,0.9999998807907104
10188,7.2479248046875e-05
10190,0.9999999403953552
10196,0.9999929666519165
10200,0.9999998807907104
10205,0.9999712705612183
10211,0.00014650821685791016
10216,1.2814998626708984e-06
10219,1.0
10221,5.364418029785156e-07
10225,1.2785196304321289e-05
10227,0.4561483561992645
10228,0.040790945291519165
10230,0.015111684799194336
10232,0.9999995231628418
10233,0.9999988079071045
10235,0.013411372900009155
10238,0.9999989867210388
10240,1.0
10242,0.07292589545249939
10248,0.7632504105567932
10254,0.055958569049835205
10257,0.012250691652297974
10261,0.32742780447006226
10262,0.8360117077827454
10266,0.002042919397354126
10267,0.2206883728504181
10271,0.0001894235610961914
10277,4.202127456665039e-05
10279,0.9926366209983826
10281,0.1583808958530426
10282,0.9992871284484863
10285,3.2782554626464844e-07
10292,0.00766444206237793
10298,1.9669532775878906e-06
10300,2.086162567138672e-07
10309,0.028432190418243408
10311,0.5777417421340942
10312,0.00411030650138855
10319,0.0
10324,0.9751176834106445
10326,4.470348358154297e-07
10328,0.009871333837509155
10343,2.9802322387695312e-08
10346,0.0008719563484191895
10347,0.01209789514541626
10353,2.086162567138672e-07
10354,1.0
10356,0.00016766786575317383
10357,0.0005001723766326904
10362,0.710780918598175
10363,0.9991245269775391
10370,0.9983304142951965
10373,0.02752205729484558
10386,0.0007554590702056885
10388,0.002780437469482422
10389,0.0
10391,1.0
10397,0.0
10400,5.334615707397461e-06
10403,9.5367431640625e-07
10404,0.8174234628677368
10408,2.652406692504883e-06
10417,1.3768672943115234e-05
10425,7.459521293640137e-05
10435,0.9957847595214844
10437,1.0
10438,1.0
10440,0.9343416690826416
10442,0.03561219573020935
10447,0.988817036151886
10452,0.9999998807907104
10453,0.00011938810348510742
10454,0.9999998807907104
10459,0.9999997019767761
10460,0.9999990463256836
10463,0.005243778228759766
10465,0.9852011203765869
10469,0.993594229221344
10474,0.9999221563339233
10475,1.0
10476,0.29189810156822205
10477,0.9947528839111328
10480,0.9992761611938477
10491,0.13956314325332642
10493,0.999799370765686
10494,0.9999499320983887
10495,0.007753729820251465
10497,0.010194867849349976
10501,0.9999467134475708
10504,0.023712605237960815
10507,0.16056659817695618
10509,1.0
10510,0.010796964168548584
10512,1.0
10514,1.0
10526,1.0
10528,1.0
10530,0.9999986886978149
10531,1.0
10532,0.999823808670044
10538,0.9791371822357178
10539,0.012444823980331421
10542,0.0010023117065429688
10547,0.04713800549507141
10549,0.0018120408058166504
10556,0.000921100378036499
10569,6.258487701416016e-06
10572,1.7881393432617188e-07
10577,0.9973499178886414
10579,0.9987830519676208
10586,1.0
10594,0.9999241828918457
10595,0.9999120235443115
10597,0.0005692243576049805
10602,1.0
10604,1.0
10614,0.7298293113708496
10617,0.00019726157188415527
10618,0.9999980330467224
10619,0.9999998807907104
10624,1.0
10633,0.9999989867210388
10634,1.0
10635,0.00010153651237487793
10638,0.0
10639,1.1920928955078125e-06
10642,8.106231689453125e-06
10643,0.00016802549362182617
10645,0.000615924596786499
10646,1.5497207641601562e-06
10649,2.086162567138672e-07
10652,1.0
10653,1.1920928955078125e-07
10654,0.0
10661,0.9915635585784912
10664,0.9999895095825195
10668,4.5299530029296875e-06
10670,0.00014790892601013184
10674,0.00018891692161560059
10683,6.854534149169922e-06
10694,5.960464477539063e-08
10697,5.1081180572509766e-05
10699,0.00011551380157470703
10701,5.960464477539063e-08
10703,0.9990322589874268
10713,1.7881393432617188e-07
10714,0.9994293451309204
10716,0.00951230525970459
10717,1.043081283569336e-06
10719,3.439188003540039e-05
10725,0.034516483545303345
10728,3.8743019104003906e-07
10734,0.0013650059700012207
10738,0.999234139919281
10740,0.9999986290931702
10742,0.999234139919281
10756,0.9999986290931702
10757,0.9999786019325256
10758,0.999234139919281
10761,0.9999986290931702
10762,0.5609867572784424
10773,0.9997263550758362
10778,0.9999986290931702
10781,0.9999998807907104
10791,4.482269287109375e-05
10792,0.001030266284942627
10796,2.3156404495239258e-05
10797,0.0002989470958709717
10801,5.632638931274414e-06
10804,2.682209014892578e-07
10806,1.4573335647583008e-05
10807,0.0
10816,1.6748905181884766e-05
10820,3.8743019104003906e-07
10828,5.900859832763672e-06
10836,0.999999463558197
10838,1.0
10845,0.9999998807907104
10856,1.0
10857,0.9999998807907104
10858,1.0
10861,0.9999998807907104
10865,1.0
10868,0.999980092048645
10874,0.9997561573982239
10875,0.995145857334137
